phone_type,usage,usage_hours,usage_minutes
iPhone,450,7,30
iPhone,300,5,0
iPhone,450,7,30
iPhone,750,12,30
Android,390,6,30
Android,315,5,15
iPhone,315,5,15
iPhone,390,6,30
Android,240,4,0
Android,120,2,0
iPhone,750,12,30
iPhone,360,6,0
iPhone,255,4,15
iPhone,360,6,0
iPhone,360,6,0
iPhone,390,6,30
Android,195,3,15
iPhone,390,6,30
iPhone,510,8,30
iPhone,555,9,15
iPhone,315,5,15
iPhone,315,5,15
Android,390,6,30
iPhone,600,10,0
iPhone,600,10,0
iPhone,930,15,30
iPhone,270,4,30
iPhone,360,6,0
iPhone,480,8,0
iPhone,300,5,0
Android,300,5,0
iPhone,330,5,30
iPhone,480,8,0
iPhone,330,5,30
iPhone,390,6,30
iPhone,345,5,45
iPhone,300,5,0
Android,480,8,0
iPhone,375,6,15
iPhone,510,8,30
iPhone,255,4,15
iPhone,555,9,15
Android,165,2,45
Android,480,8,0
iPhone,495,8,15
iPhone,345,5,45
iPhone,420,7,0
iPhone,540,9,0
Android,480,8,0
iPhone,375,6,15
Android,480,8,0
iPhone,570,9,30
iPhone,510,8,30
iPhone,390,6,30
iPhone,420,7,0
iPhone,510,8,30
iPhone,315,5,15
iPhone,165,2,45
iPhone,300,5,0
iPhone,300,5,0
iPhone,360,6,0
Android,315,5,15
iPhone,390,6,30
iPhone,360,6,0
iPhone,420,7,0
iPhone,615,10,15
iPhone,285,4,45
iPhone,345,5,45
iPhone,630,10,30
Android,765,12,45
iPhone,315,5,15
iPhone,270,4,30
iPhone,330,5,30
iPhone,825,13,45
iPhone,330,5,30
iPhone,375,6,15
iPhone,1440,24,0
iPhone,435,7,15
Android,195,3,15
iPhone,375,6,15
iPhone,300,5,0
iPhone,420,7,0
iPhone,270,4,30
Android,330,5,30
iPhone,270,4,30
iPhone,240,4,0
Android,930,15,30
iPhone,450,7,30
Android,315,5,15
iPhone,270,4,30
iPhone,315,5,15
Android,210,3,30
iPhone,315,5,15
iPhone,495,8,15
iPhone,180,3,0
iPhone,450,7,30
iPhone,225,3,45
iPhone,555,9,15
iPhone,270,4,30
iPhone,1260,21,0
iPhone,285,4,45
iPhone,330,5,30
iPhone,375,6,15
iPhone,390,6,30
Android,270,4,30
iPhone,150,2,30
Android,300,5,0
iPhone,360,6,0
iPhone,240,4,0
iPhone,270,4,30
iPhone,510,8,30
iPhone,360,6,0
iPhone,420,7,0
iPhone,375,6,15
Android,930,15,30
iPhone,420,7,0
iPhone,210,3,30
iPhone,420,7,0
iPhone,360,6,0
iPhone,345,5,45
iPhone,510,8,30
iPhone,330,5,30
iPhone,480,8,0
iPhone,480,8,0
Android,420,7,0
iPhone,450,7,30
iPhone,330,5,30
Android,930,15,30
Android,420,7,0
iPhone,630,10,30
iPhone,270,4,30